{"E=0.2+S=4+N=300+M=0.001+T=10+DT=0.016666666666666666+rV=True": 1, "E=0.2+S=4+N=300+M=0.001+T=10+DT=0.016666666666666666+rV=False": 1, "E=0.2+S=4+N=300+M=0.01+T=10+DT=0.016666666666666666+rV=True": 1, "E=0.2+S=4+N=300+M=0.01+T=10+DT=0.016666666666666666+rV=False": 1, "E=0.2+S=4+N=300+M=0.1+T=10+DT=0.016666666666666666+rV=True": 1, "E=0.2+S=4+N=300+M=0.1+T=10+DT=0.016666666666666666+rV=False": 1, "E=0.2+S=4+N=300+M=1+T=10+DT=0.016666666666666666+rV=True": 1, "E=0.2+S=4+N=300+M=1+T=10+DT=0.016666666666666666+rV=False": 1, "E=0.2+S=4+N=300+M=10+T=10+DT=0.016666666666666666+rV=True": 1, "E=0.2+S=4+N=300+M=10+T=10+DT=0.016666666666666666+rV=False": 1, "E=0.2+S=8+N=300+M=0.001+T=10+DT=0.016666666666666666+rV=True": 1, "E=0.2+S=8+N=300+M=0.001+T=10+DT=0.016666666666666666+rV=False": 1, "E=0.2+S=8+N=300+M=0.01+T=10+DT=0.016666666666666666+rV=True": 1, "E=0.2+S=8+N=300+M=0.01+T=10+DT=0.016666666666666666+rV=False": 1, "E=0.2+S=8+N=300+M=0.1+T=10+DT=0.016666666666666666+rV=True": 1, "E=0.2+S=8+N=300+M=0.1+T=10+DT=0.016666666666666666+rV=False": 1, "E=0.2+S=8+N=300+M=1+T=10+DT=0.016666666666666666+rV=True": 1, "E=0.2+S=8+N=300+M=1+T=10+DT=0.016666666666666666+rV=False": 1, "E=0.2+S=8+N=300+M=10+T=10+DT=0.016666666666666666+rV=True": 1, "E=0.2+S=8+N=300+M=10+T=10+DT=0.016666666666666666+rV=False": 1, "E=2+S=4+N=300+M=0.001+T=10+DT=0.016666666666666666+rV=True": 1, "E=2+S=4+N=300+M=0.001+T=10+DT=0.016666666666666666+rV=False": 1, "E=2+S=4+N=300+M=0.01+T=10+DT=0.016666666666666666+rV=True": 1, "E=2+S=4+N=300+M=0.01+T=10+DT=0.016666666666666666+rV=False": 1, "E=2+S=4+N=300+M=0.1+T=10+DT=0.016666666666666666+rV=True": 1, "E=2+S=4+N=300+M=0.1+T=10+DT=0.016666666666666666+rV=False": 1, "E=2+S=4+N=300+M=1+T=10+DT=0.016666666666666666+rV=True": 1, "E=2+S=4+N=300+M=1+T=10+DT=0.016666666666666666+rV=False": 1, "E=2+S=4+N=300+M=10+T=10+DT=0.016666666666666666+rV=True": 1, "E=2+S=4+N=300+M=10+T=10+DT=0.016666666666666666+rV=False": 1, "E=2+S=8+N=300+M=0.001+T=10+DT=0.016666666666666666+rV=True": 1, "E=2+S=8+N=300+M=0.001+T=10+DT=0.016666666666666666+rV=False": 1, "E=2+S=8+N=300+M=0.01+T=10+DT=0.016666666666666666+rV=True": 1, "E=2+S=8+N=300+M=0.01+T=10+DT=0.016666666666666666+rV=False": 1, "E=2+S=8+N=300+M=0.1+T=10+DT=0.016666666666666666+rV=True": 1, "E=2+S=8+N=300+M=0.1+T=10+DT=0.016666666666666666+rV=False": 1, "E=2+S=8+N=300+M=1+T=10+DT=0.016666666666666666+rV=True": 1, "E=2+S=8+N=300+M=1+T=10+DT=0.016666666666666666+rV=False": 1, "E=2+S=8+N=300+M=10+T=10+DT=0.016666666666666666+rV=True": 1, "E=2+S=8+N=300+M=10+T=10+DT=0.016666666666666666+rV=False": 1, "E=20+S=4+N=300+M=0.001+T=10+DT=0.016666666666666666+rV=True": 1, "E=20+S=4+N=300+M=0.001+T=10+DT=0.016666666666666666+rV=False": 1, "E=20+S=4+N=300+M=0.01+T=10+DT=0.016666666666666666+rV=True": 1, "E=20+S=4+N=300+M=0.01+T=10+DT=0.016666666666666666+rV=False": 1, "E=20+S=4+N=300+M=0.1+T=10+DT=0.016666666666666666+rV=True": 1, "E=20+S=4+N=300+M=0.1+T=10+DT=0.016666666666666666+rV=False": 1, "E=20+S=4+N=300+M=1+T=10+DT=0.016666666666666666+rV=True": 1, "E=20+S=4+N=300+M=1+T=10+DT=0.016666666666666666+rV=False": 1, "E=20+S=4+N=300+M=10+T=10+DT=0.016666666666666666+rV=True": 1}